season,episode,pitch_no,brand,idea,city,ask_amount_lakh,ask_equity_pct,deal,deal_equity_amount_lakh,deal_debt_lakh,deal_equity_pct,royalty_or_other,sharks
5,1,1,The Croffle Guys,Croissant + waffle (croffle) brand,Mumbai,100,1,Yes,250,0,5,,Kunal Bahl; Mohit Yadav
5,1,2,Lewisia Wellness,Natural skincare and haircare wellness,Jaipur,100,1,No,,,,,
5,1,3,Guugly Wuugly,Kidswear clothing,Lucknow,50,5,No,,,,,
5,2,4,EMoMee,Educational and emotional toys,,100,2,Yes,200,0,4,,Namita Thapar; Aman Gupta
5,2,5,Capture A Trip,Community travel company,,75,1.5,Yes,75,0,5,,Kunal Bahl; Mohit Yadav
5,2,6,Loopie,Baby gear brand,,75,1,No,,,,,
5,3,7,SaveSage,Rewards optimization,,100,1,Yes,400,0,9,,Namita Thapar; Anupam Mittal; Kunal Bahl; Mohit Yadav
5,3,8,Kalam Labs,Research labs for aerial vehicles,,200,0.67,Yes,200,0,1.25,,Aman Gupta
5,3,9,Panteazy,Intimate clothing brand for men,,50,5,No,,,,,
5,4,10,Oats by Goat (GoatLife),Overnight oats brand,,36,1,Yes,200,0,8,,Anupam Mittal; Aman Gupta
5,4,11,Planyt,Smart plants,,105,6.5,No,,,,,
5,4,12,Avishkaar,AI based toys for kids,,80,1,No,,,,,
5,5,13,Emori,Lab-grown diamond jewellery brand,Gurugram,75,1,Yes,300,0,6,Split 150 lakh for 3% (Anupam Mittal) + 150 lakh for 3% (other sharks),Namita Thapar; Anupam Mittal; Ritesh Agarwal; Amit Jain
5,5,14,True Diamond,Lab-grown diamond jewellery,,108,1,No,,,,,
5,6,15,Smylo,Pet food brand,,68,1,Yes,75,0,1,+2% advisory equity,Anupam Mittal; Kunal Bahl; Varun Alagh
5,6,16,Nootie by Pet Point,Pet food brand,,100,1.2,Yes,100,0,4,1% royalty until 100 lakh recouped,Namita Thapar; Anupam Mittal
5,7,17,Pista Barfi,Traditional sweets brand,,30,5,No,,,,,
5,7,18,Corel Lifecare,Nutrient food for fish farmers,,120,2,Yes,120,0,8,,Anupam Mittal; Kunal Bahl
5,7,19,Vryse,AI optimization platform,,40,2,Yes,40,0,10,,Anupam Mittal
5,8,20,MyPB,Peanut butter brand,,70,10,Yes,70,0,15,,Namita Thapar; Vineeta Singh; Varun Alagh
5,8,21,xSTEP,Non-invasive device for spine injuries,,100,1,Yes,100,0,10,,Namita Thapar; Vineeta Singh; Kunal Bahl
5,8,22,Truth & Hair,Curly hair care brand,,100,2.5,Yes,250,0,25,,Varun Alagh
5,9,23,Meta Fashion,Digital products company for Roblox,,100,10,No,,,,,
5,9,24,Japam,Spiritual wearables brand,,150,1,Yes,150,0,1,1% royalty until 150 lakh recouped,Namita Thapar; Varun Alagh
5,9,25,Zen Barefoot,Barefoot shoes brand,,100,5,No,,,,,
5,10,26,RIDEV,E-scooter leasing company,,600,3,Yes,100,500,3,Debt at 14.5% interest,Kunal Bahl
5,10,27,Stroom,Protein bar brand,,100,2,Yes,100,0,2.5,+2% advisory equity,Vineeta Singh; Kunal Bahl
5,10,28,TBFO,Women clothing brand,,100,5,No,,,,,
5,11,29,Neurapexai,AI-assisted diagnostic platform,,60,5,Yes,60,0,5,,Aman Gupta
5,11,30,Wrestlefanent,Wrestling fan event platform,,75,10,No,,,,,
5,11,31,Ayuvya and imfresh,Ayurveda-based supplements and beauty products,,100,0.5,No,,,,,
5,12,32,Every Morning Cartel,Dining cafe brand,,200,5,Yes,200,0,12,,Aman Gupta; Ritesh Agarwal
5,12,33,Cinefai Studios,Gen-AI powered content studio,,100,5,Yes,50,50,5,Debt at 9% interest for 5 years,Ritesh Agarwal
5,12,34,Sampark,QR-based vehicle tag,,100,2,No,,,,,
5,13,35,Sovrenn,Stock discovery platform,,100,1,No,,,,,
5,13,36,Multibagg.ai,AI stock research platform,,50,2,Yes,50,0,1,,Aman Gupta
5,14,37,Uprear Build,Pre-fabricated construction company,,200,2.5,Yes,100,100,2,Debt at 10% interest for 3 years,Kunal Bahl
5,14,38,PaperPro,Milk adulteration testing kit,,100,5,No,,,,,
5,14,39,Cosmo Health,Emergency health services,,100,4,Yes,100,0,9,,Anupam Mittal; Kunal Bahl; Kanika Tekriwal
5,15,40,Galli Labs (Gully Labs),Handcrafted footwear brand,,100,0.5,Yes,100,0,0.57,,Aman Gupta
5,15,41,Twin,AI-powered clothes try-on platform,,60,1,Yes,80,0,2,,Aman Gupta
5,15,42,RCX Light,Digital facade company,,50,5,Yes,10,40,5,Debt at 12% interest for 3 years,Aman Gupta
5,16,43,Awsum,Packaged cakes brand,,100,1,Yes,100,0,1.33,,Namita Thapar; Ritesh Agarwal
5,16,44,Phitku,Alum-based natural deodorants,,180,1,Yes,180,0,1,5% royalty until 540 lakh recouped,Anupam Mittal; Aman Gupta
5,16,45,9DXR Labs,VR-based platform for schools,,100,4,No,,,,,
5,17,46,Pureflow,Nasal strip brand,,100,3.33,Yes,200,0,20,,Aman Gupta
5,17,47,Get Snappy,Body adhesive brand,,60,5,No,,,,,
5,17,48,Awayddings,Destination wedding planners,,200,5,Yes,100,100,10,Debt at 10% interest for 2 years,Aman Gupta
5,18,49,Urbanwipe,Acid-free home cleaning solutions,,90,2,Yes,200,0,10,,Anupam Mittal; Aman Gupta
5,18,50,Antinorm,All-in-one beauty brand,,103,1,Yes,103,0,1,,Anupam Mittal
5,18,51,Sepoy & Co,Premium mixer brand,,300,2,No,,,,,
5,19,52,Bonkers Corner,Unisex streetwear brand,Mumbai,150,0.5,Yes,150,0,0.5,,Namita Thapar
5,19,53,Bubble Me,Magnesium-driven wellness brand,,50,1.67,No,,,,,
5,19,54,Outlive,Fasting guidance program,,100,4,No,,,,,
5,20,55,Metadrive,Motion-based driving platform,,90,1,No,,,,,
5,20,56,Sparsh Brush,Automatic grooming brushes for cattle,,20,1,Yes,20,0,1,2% royalty until 100 lakh recouped,Namita Thapar; Anupam Mittal
5,20,57,Shesha Ayurveda,Ayurvedic beauty and hair care brand,,100,1.5,Yes,200,0,8,1% royalty until 200 lakh recouped,Namita Thapar; Aman Gupta
5,21,58,Cookie Cartel,Baked homemade cookies brand,,75,5,Yes,80,0,12,,Vineeta Singh; Anupam Mittal; Kanika Tekriwal
5,21,59,Avia Litewings,Gyrocopter and aircraft company,,100,1,No,,,,,
5,21,60,Aabo Ring,Smart wellness tracking ring,,150,1,No,,,,,
5,22,61,Krvvy,Women's innerwear and shapewear brand,,120,2,Yes,120,0,3,,Namita Thapar
5,22,62,Invogue,Women's shapewear brand,,50,1.25,Yes,200,0,15,,Aman Gupta
5,23,63,Taasha Craft,Handcrafted jewellery and bangles,,75,5,Yes,75,0,5,1% royalty until 75 lakh recouped,Namita Thapar; Aman Gupta
5,23,64,Mishmash Naturals,Ayurvedic kids makeup brand,,50,2,No,,,,,
5,23,65,Indian School of Calisthenics,Calisthenics training institute,,75,5,No,,,,,
5,24,66,Wholeleaf,Cannabis wellness brand,,50,2.1,Yes,150,0,7.5,,Namita Thapar; Aman Gupta; Kanika Tekriwal
5,24,67,Chewie by Mankomb,Wet waste to soil converter,,200,1.5,No,,,,,
5,24,68,Madrasi Kaapi House,Coffee brand,,75,5,No,,,,,
5,25,69,Soundverse,AI-based music generator,,135,1.5,Yes,135,0,5,,Namita Thapar
5,25,70,Kilrr,Marinades and spices brand,,100,1,Yes,100,0,1.06,,Anupam Mittal
5,25,71,Offline by Happy Hour,Offline social meetup platform,,50,5,No,,,,,
5,26,72,Panda's Box,Devotional toys brand,,80,2,Yes,120,0,12,2% royalty until 120 lakh recouped,Namita Thapar; Aman Gupta
5,26,73,The Bindi Project,Handcrafted bindi brand,,50,10,No,,,,,
5,26,74,Voxturn AI,AI-powered sales agent,,100,10,No,,,,,
5,27,75,My Wonder,AI-powered learning companion,,80,1,No,,,,,
5,27,76,Cotopay,UPI-based expense management,,50,1,Yes,75,0,2,+1% advisory equity,Anupam Mittal; Kunal Bahl
5,27,77,Local All Natural Soda,Farm-to-bottle beverage brand,,50,2,No,,,,,
5,28,78,The Binge Town,Private theatre for celebrations,,200,2,Yes,100,100,2.5,Debt at 15% interest for 4 years,Varun Alagh
5,28,79,PropFTX,Fractional real estate investments,,100,1.5,No,,,,,
5,28,80,Eight Times Eight,Chess classes,,50,5,No,,,,,
5,29,81,Warrior World,Indian Army-inspired apparel brand,,75,1,Yes,75,0,1,1.5% royalty until 125 lakh recouped,Vineeta Singh
5,29,82,Currently,Real-time activity sharing app,,120,1,No,,,,,
5,29,83,Anjani Books,Online bookstore,,10,10,No,,,,,
5,30,84,Booon,Curated fashion quick-commerce platform,,100,2,No,,,,,
5,30,85,MeMeraki,Culture-tech platform for Indian arts,,50,1.67,Yes,100,0,4,,Namita Thapar; Kunal Bahl; Varun Alagh; Viraj Bahl
5,30,86,3 Sisters,Non-alcoholic beverages brand,,300,2.5,No,,,,,
5,31,87,Artociti,Relief mural home decor brand,,100,3,Yes,100,0,7.5,2% royalty until 150 lakh recouped,Namita Thapar; Vineeta Singh
5,31,88,Kreo,Gaming peripherals brand,,200,1,Yes,100,100,1,Debt at 9% interest for 3 years,Ritesh Agarwal
5,31,89,Rosada,Customised kids bags,,125,4,Yes,125,0,5,2% royalty until 125 lakh recouped,Namita Thapar; Aman Gupta; Ritesh Agarwal
5,32,90,Baby Works by Swapnil,Baby jewellery brand,,60,4,Yes,60,0,6,,Aman Gupta
5,32,91,Gramiyaa,Wood cold-pressed oils,,140,1,No,,,,,
5,32,92,Mama Nourish,Nutritious energy bars,,60,1.5,Yes,200,0,20,,Aman Gupta
5,33,93,Kelvin6k,Robotic construction company,,100,1.33,Yes,100,0,2.86,+2.14% advisory equity,Ritesh Agarwal
5,33,94,ANA Apparels,"Abayas, niqabs and dupatta brand",,80,4,No,,,,,
5,33,95,EzPac,Smart packaging solutions,,250,5,No,,,,,
5,34,96,Gappu,Percussion music instruments,,30,1,Yes,10,20,3,Debt at 12% interest for 3 years,Amit Jain
5,34,97,Mister Veg,Plant-based meat brand,,200,2.5,No,,,,,
5,34,98,Saras,Stock trading recommendations app,,70,2,No,,,,,
5,35,99,Speechgears,Therapeutic solutions for children with special needs,,200,3,No,,,,,
5,35,100,Heizen,AI-powered software development firm,,90,1,Yes,90,0,2,,Amit Jain
5,35,101,Pukaar.ai,AI-powered parenting app,,49,1.5,No,,,,,
5,36,102,Upsnac,Wellness coffee brand,,100,2,No,,,,,
5,36,103,Kotson Mattresses,Organic latex mattress brand,,150,10,No,,,,,
5,36,104,Kalakrit,AI-based content localisation platform,,100,10,No,,,,,
5,36,105,SVS Food,Vegetarian QSR food chain,,300,5,No,,,,,
5,37,106,Be Clinical,Skincare brand,,75,1,No,,,,,
5,37,107,Misfits,Hobby and meetup club,,100,1.25,Yes,100,0,3,,Kanika Tekriwal
5,37,108,Krimmy Thickshakes,Guilt-free shakes,,125,5,No,,,,,
5,38,109,Curry It,Instant curries and paste brand,,60,1,Yes,150,0,3.3,+1.2% advisory equity,Mohit Yadav
5,38,110,Dubpro.ai,AI-powered dubbing platform,,125,5,No,,,,,
5,38,111,Boingg,Custom kids furniture brand,,200,5,No,,,,,
5,39,112,Pragyan Child Development Centers,Paediatric therapy services for children,,100,5,Yes,100,0,5,,Namita Thapar; Mohit Yadav
5,39,113,Sanchvi,Exclusive rental wear,,150,5,No,,,,,
5,39,114,Trring,Bluetooth call mirroring devices,,50,7.5,No,,,,,
5,40,115,Edinora,Edible-grade toothpaste brand,,200,5,Yes,200,0,10,,Aman Gupta
5,40,116,Rehabveda,Home neuro-rehabilitation solution,,100,2.5,Yes,100,0,3,,Namita Thapar; Mohit Yadav
5,40,117,Freshpod,Helmet disinfectant device,,200,6,No,,,,,
5,41,118,Modge,Vegetarian cakes and desserts brand,,100,4,Yes,100,0,9,,Anupam Mittal
5,41,119,Orbit Card,One-tap smart card,,50,1,Yes,60,0,4,,Aman Gupta
5,41,120,Hobfit,Women-focused fitness tracking app,,75,1.5,No,,,,,
5,42,121,Shichisoru,Collectible characters,,75,5,Yes,35,40,10,Debt at 10% interest for 3 years,Shaily Mehrotra
5,42,122,Rimigo,AI-generated itineraries platform,,100,1,Yes,100,0,1.5,,Shaily Mehrotra
5,42,123,Everaw Nutrition,Fruit spreads and snacks,,100,8,No,,,,,
5,43,124,Coro,Family-first co-working hub,,200,4,No,,,,,
5,43,125,Luzo,Salon and spa discovery app,,100,1,Yes,100,0,3,,Kunal Bahl; Viraj Bahl
5,43,126,F2 Fintech,AI-powered digital lending platform,,100,3,No,,,,,
5,44,127,Wellwith,Sea-buckthorn based wellness brand,,150,1.25,No,,,,,
5,44,128,Indian Hair World,Hair patches and extensions brand,,100,5,No,,,,,
5,44,129,Awenest,Clean home and personal care products,,70,2,Yes,70,0,5,,Viraj Bahl
5,45,130,HOOKd,Chicken chips brand,,50,7,Yes,50,0,20,,Varun Alagh
5,45,131,Littlecherrymom,Nutritious snacks for kids,,75,3,No,,,,,
5,45,132,Stubb,Portable ashtray brand,,25,5,No,,,,,
5,45,133,SoilSens,Soil intelligence tools,,50,1,Yes,50,0,6.67,,Namita Thapar; Vineeta Singh
5,,134,Flashoot,Real-time content creation platform,,150,2,No,,,,,
5,,135,Nap Tap Go,Japanese-style capsule pod hotels,,200,2.5,No,,,,,
5,,136,BlrPods.com,Japanese-style capsule pod hotels,,90,1.5,No,,,,,
5,,137,Nytarra,Home freshener brand,,75,2,No,,,,,
5,,138,BYLX,Archery equipment brand,,50,2,No,,,,,
5,,139,Green Pista,Marketplace for currency notes,,100,2,No,,,,,
5,48,140,CTRUH,AI-powered XR commerce studio,,100,1.2,Yes,100,0,2.4,,Vineeta Singh; Anupam Mittal
5,48,141,SteamPRO,Home steam and sauna solution,,100,2,No,,,,,
5,48,142,Uptown,Co-living and accommodation,,75,3,No,,,,,
5,49,143,KorinMi,Korean hair and skincare brand,,100,2,No,,,,,
5,49,144,Dent @ Home,At-home dental care brand,,60,2,No,,,,,
5,49,145,Marbleous,Marble-based home decor brand,,75,10,Yes,75,0,20,2% royalty until 75 lakh recouped,Kanika Tekriwal
5,50,146,Fitkin,Women's activewear brand,,100,4,Yes,100,0,11,,Vineeta Singh
5,50,147,Kind Fertility,At-home fertility testing kits,,50,2,No,,,,,
5,50,148,Namo Vardan,Cow dung and urine collection devices,,10,5,No,,,,,
5,51,149,Circato,Plastic-waste-based construction solutions,,90,3,Yes,90,0,10,,Anupam Mittal
5,51,150,Green Avartan,Solid waste recycling company,,100,5,No,,,,,
5,51,151,Dharti Amrit,Afforestation initiatives company,,150,5,No,,,,,
5,52,152,Two Words Away,Private event platform,,10,10,Yes,10,0,10,,Kunal Bahl; Mohit Yadav; Pratham Mittal
5,52,153,Floreal,Crochet gifting brand,,100,3,Yes,100,0,8,,Mohit Yadav; Pratham Mittal
5,52,154,MyPerro,Smart pet GPS and health tracker,,60,8,No,,,,,
5,52,155,PeerX,Student opportunities platform,,12,10,No,,,,,
